ABC Journals,http://www.abcjournals.net/
A M Publishers,http://ampublisher.com/index.html
Abhinav,http://www.abhinavjournal.com/
Academe Research Journals,http://www.academeresearchjournals.org/
Academia Publishing,http://academiapublishing.org/index.htm
Academia Research,http://academiaresearch.org/
Academia Scholarly Journals (ASJ),http://www.academiascholarlyjournal.org/
Academic and Business Research Institute,http://www.aabri.com/
Academic and Scientific Publishing,http://acascipub.com/
Academic Direct Publishing House,http://ph.academicdirect.org/
Academic Journals,http://www.academicjournals.org/
Academic Journals and Research (ACJAR),http://www.acjar.org/index.html
Academic Journals Online (AJO),http://www.academicjournalsonline.co.in/
"Academic Journals, Inc.",http://www.academicjournalsinc.com/
Academic Knowledge and Research Publishing,http://www.akrpub.com/
Academic Organization for Advancement of Strategic and International Studies (Academic OASIS),http://www.academicoasis.org/
"Academic Publications, Ltd.",http://www.acadpubl.eu/index.html
"Academic Research in Science, Engineering, Art and Management (ARSEAM)",http://www.arseam.com/
Academic Research Journals,http://www.academicresearchjournals.org/index.htm
Academic Research Publishers (ARPUB),http://acrpub.com/index.php
Academic Research Publishing Agency,http://www.arpapress.com/
Academic Research Publishing Group,http://arpgweb.com/index.php
Academic Research Publishing House,http://www.acadrp.org/
Academic Scholars Publishing House,http://academic-publishing-house.com/
Academic Sciences,http://www.ijaponline.org/
Academic Star Publishing Company ,http://www.academicstar.us/index.asp
Academic Star Publishing Company [alt],http://www.astarstore.us/
Academic Web Publishers (AWP),http://academicwebpublishers.org/
Academic World Education & Research Center,http://www.awer-center.org/journals.htm
AcademicDirect Publishing House,http://ph.academicdirect.org/
Academicians’ Research Center/ARC Journals (ARC),http://www.arcjournals.org/index.php
Academics World,http://academicsworld.org/
Academy for Environment and Life Sciences,http://aelsindia.com/
Academy Journals,http://www.academyjournals.net/
Academy of Business & Retail Management (ABRM),http://www.abrmr.com/
Academy of Business & Scientific Research (ABSR),http://www.absronline.org/
Academy of International Research in Management and Business Realities (IRMBR),http://www.academyirmbr.com/
Academy of Knowledge Process,http://akpinsight.webs.com/
Academy of Science and Engineering (ASE),http://www.scienceengineeringacademy.org/asesite/
Academy of Science and Social Science (ASSS),http://www.asss-web.com/
Academy of Scientific and Applied Research (ASAAR),http://asaarjournals.com/
Academy Publish,http://www.academypublish.org/
Access International Journals,http://www.accessinterjournals.org/
Access Journals,http://www.accessjournals.org/
Access Publishers,http://www.accesspublishers.org/
ACT Publishing,http://www.ghrnet.org/
Acta Scientifica,http://actascientifica.com/index.php
AD Publication,http://www.adpublication.org/
AD Publications,http://adpublications.org/
Ada Lovelace Publications,http://www.ada-lovelace.co.uk/
Advance Educational Institute & Research Centre (AEIRC),http://aeirc-edu.com/
Advance Journals,http://advancejournals.org/
Advanced Institute of Convergence Information Technology (AICIT),http://www.aicit.org/publications.html
Advanced Journals,http://advancedjournals.org/index.htm
Advanced Research Journals,http://www.advancedresearchjournals.org/
Advanced Research Publications,http://adrpublications.in/
Advanced Scholars Journals,http://advancedscholarsjournals.org/
Advanced Science and Engineering Technology Institute (ASET),http://www.asetrc.org/
Advanced Science Research Journals,http://advancedscienceresearchjournals.org/
Advanced Technology & Science (ATScience),http://atscience.org/
Advancement and Development in Technology International (Aditi),http://aditisci.com/index.php
Advancements in Science,http://www.ajournals.com/
Adyan Academic Press,http://www.adyanacademicpress.com/index.php
American-Eurasian Network for Scientific Information (AENSI),http://www.aensiweb.com/index.html
African Research Review (AFRREV),http://afrrevjo.net/
AgiAl Publishing House,http://www.agialpress.com/
Agropub,http://agropub.com/index.html
AINSTIN Knowledge Hub,http://ainstin.com/
AIRCC Publishing Corporation,http://airccse.org/index.php
Aizeon Publishers,http://www.aizeonpublishers.net/aboutus.html
Albert Science International Organization,http://albertscience.com/
Allied Academies,http://www.alliedacademies.org/
Allied Journals,http://www.alliedjournals.com/
Ambit Journals,http://ambitjournals.org/
AME Publishing Company,http://www.amepc.org/
American Academic & Scholarly Research Center (AASRC),http://aasrc.org/
American Association for Science and Technology (AASCIT),http://www.aascit.org/home/index
American Journal,http://www.amjournals.org/
American Research Institute for Policy Development,http://aripd.org/
American Research Journals,http://www.arjonline.org/
American Research Publications,http://www.arepub.com/
American Scholarly Research Association,http://www.asraresearch.org/
American Scientific Publishers,http://www.aspbs.com/
American Scientific Research Journals,http://www.americanscientificresearchjournals.org/
American Society of Registered Nurses,http://www.asrn.org/
American Society of Science and Engineering,http://www.as-se.org/
American V-King Scientific Publishing,http://www.vkingpub.com/
"Amoghsiddhi Education Society/AES/AES Journals in Engineering Technology, Management, and Sciences/AES E-JOURNALS",http://aessangli.in/
"Amoghsiddhi Education Society/AES/AES Journals in Engineering Technology, Management, and Sciences/AES E-JOURNALS [alt]",http://www.ejournal.aessangli.in/index.php
Andrew John Publishing Inc.,http://www.andrewjohnpublishing.org/open-access-publications.php
Annex Publishers,http://www.annexpublishers.com/
Asian Network for Scientific Information (ANSINET),http://www.ansinet.com/
Antarctic Journals,http://www.domainsmoon.com/
Aperito Online Publishing,http://aperito.org/index.php
Apex Journal,http://apexjournal.org/
Applied Science Innovations,http://www.applied-science-innovations.com/
APST Publication,http://www.apst.co.in/
Arabian Group of Journals (AGJ),http://www.arabianjbmr.com/index.php
Aradhya International Publication,http://puneresearch.com/home
ARC Journals,https://www.arcjournals.org/
Archers & Elevators Publishing House,http://www.aeph.in/
Archyworld,http://www.archyworld.com/
ARPN Journals,http://arpnjournals.com/
AS Publishers,http://aspublishers.com/
ASD Publisher,http://asdpub.com/
Ashdin Publishing,http://www.ashdin.com/
AshEse Visionary,http://www.ashese.co.uk/
Asia-Pacific Association of Medical Research,http://www.apamr.org/
Asia Pacific Institute of Advanced Research,http://apiar.org.au/
Asian Academic Research Associates,http://www.asianacademicresearch.org/index.html
Asian and American Research Publishing Group,http://www.aarpub.com/
Asian Economic and Social Society (AESS),http://www.aessweb.com/index.php
Asian Online Journal Publishing Group,http://www.asianonlinejournals.com/
Asian Online Journals,http://www.ajouronline.com/
Asian Pharma Press,http://www.asianpharmaonline.org/
Asian Publication Corporation (Asian Pub. Corp.),http://asianpubs.org/content/
Asian Research Consortium,http://www.aijsh.org/?task=index
Asian Transactions,http://www.asian-transactions.org/
Associated Asia Research Foundation (AARF),http://www.aarf.asia/
"Association for Sustainable Education, Research and Science (ASERS)",http://www.asers.eu/asers-publishing/journals.html
Association of Computer Electronics and Electrical Engineers (ACEEE),http://www.theaceee.org/
Association of North America Higher Education International (ANAHEI),http://anahei.org/
Aster Publications,http://asterpublications.org/
AstonJournals,http://astonjournals.com/
Athal Press & Media,http://www.athalgroup.com/Athal-Press-and-Media.aspx
Atharva Scientific Publications,http://www.atharvapub.com/HomePage/
Athens Institute for Education and Research (ATINER),http://www.atiner.gr/
"Atlas Publishing, LP",http://www.atlas-publishing.org/index.php
Aufau Periodicals (AP),http://www.chesci.com/
Austin Publishing Group,http://austinpublishinggroup.org/
Australasian Centre for Research and Development (ACRD),http://www.acrd.net.au/
Australian Academy of Business and Social Sciences,http://www.aabss.org.au/
Australian Academy of Business Leadership,http://aabl.com.au/
Australian International Academic Centre Pty. Ltd.,http://www.aiac.org.au/
Australian International Research Consortium (Australian International Journals),http://www.ausinternationaljournals.com.au/
Australian Society for Commerce Industry & Engineering (SCIE),http://www.scie.org.au/
Austrian E-Journals of Universal Scientific Organization,http://www.aeuso.org/
Austrian Scientific Publication House,http://www.autpub.org/MWP/
Avanti Publishers.com,http://www.avantipublishers.com/
Avens Publishing Group,http://www.avensonline.org/
Avestia Publishing,http://avestia.com/
Avicena Publisher,http://www.avicenapublisher.org/
Avid Science,http://avidscience.com/
Axis Journals,http://www.axisjournals.com/
Baishideng Publishing Group,http://www.wjgnet.com/
Basha Research Corporation (BRCORP),http://basharesearch.com/journals.htm
Basic Research Journals,http://basicresearchjournals.org/index.html
Bell Press,http://bellpress.org/
Bentham Open,http://benthamopen.com/
Best Journals,http://www.bestjournals.in/index.php
Better Advances Press,http://www.bapress.ca/index.html
Betty Jones & Sisters Publishing,http://bettyjonespub.com/
Binary Information Press,http://www.1010press.com/
Bio Accent/Bioaccent,http://bioaccent.org/
Bio Core/Biocore,http://biocoreopen.org/index.php
Bioflux Society,http://www.bioflux.com.ro/
Biohelikon,http://www.biohelikon.org/
Biohouse Publishing Group,http://biohouse.us/
BioInfo Publications,http://www.bioinfopublication.org/
BioIT international Journals,http://bipublication.com/index.html
Biological and Chemical Publishing,http://www.bacpl.org/
BioMed Press,http://www.biomedpress.org/
BioMed Research,http://bmrjournals.com/Home/Index
BioMedSciDirect Publications,http://www.biomedscidirect.com/aboutjournal.php
BioPublisher,http://biopublisher.ca/
Bioscience Research & Educational Institute [Link dead as of 2012-11-14],http://www.bret.ac.in/
Blaze Journals,http://blazejournals.org/index.php
Blue Apple Publications,http://www.blue-ap.org/
Blue Eyes Intelligence Engineering & Sciences Publication,http://blueeyesintelligence.org/
Blue Ocean Research Journals,http://www.borjournals.com/
BluePen Journals,http://www.bluepenjournals.org/
Bonfring,http://www.bonfring.org/
Bowen Publishing,http://www.bowenpublishing.com/
Brainy Buzz,http://brainybuzz.in/
Bret Research Journals,http://www.bretj.com/
British Association of Academic Research (BAAR),http://www.bjmhs.baar.org.uk/
British Journal,http://www.bjournal.co.uk/
British Open Research Publications,http://www.borpub.com/index.php
BRNSS Publication Hub,http://brnsspublicationhub.org/
Business Journalz (BJ),http://www.businessjournalz.org/
Business Management Centre,http://www.bizmanagementcentre.com/
Business Perspectives,http://businessperspectives.org/
Cafet Innova Technical Society (CITS),http://cafetinnova.org/
Cairo Center for Development Benchmarking,http://cdbenchmark.com/publishing
CSCanada,http://cscanada.net/
Canadian Center of Science and Education,http://ccsenet.org/web/
CSCanada,http://cscanada.net/
Canadian Research Publication,http://www.crpub.com/index.php
Canadian Science and Research Group (CANSRG),http://www.cansrg.com/
Canadian Science and Technology Press Inc.,http://canadianstpress.com/ojs/index.php
Cardiology Academic Press,http://cardiologyacademicpress.com/
CARI Journals,http://www.carijournals.org/
Cenetri Publishing Group,https://www.cenetrionline.org/
"Center for Enhancing Knowledge (CEK, UK)",http://www.cekinfo.org.uk/
Center for Global Research Development (CGRD),http://www.cgrd.org/
The Center for Innovations in Business & Management Practice,http://www.cibmp.org/
Center for Natural Science & Engineering Research (CNSER/CenNSER),http://cennser.org/
Center for Promoting Ideas,http://www.cpinet.info/
Center for the Development and Dissemination of Knowledge,http://www.cddk.org/index.html
Center of Advanced Scientific Research and Publications (CASRP),http://casrp.co.uk/
Central Bohemia University Publishing,http://journals.cz/
Central Research Insight,http://cri.ideainfinity.pk/?p=1
Centre For Info Bio Technology (CIBTech),http://www.cibtech.org/index.htm
"Centre for Multidisciplinary Research, Innovation and Collaboration (C-MRiC.ORG)",http://www.c-mric.org/
Centre for Promoting Knowledge (CPK UK),http://www.ijsrit.com/page.php?cat=25
Centre of Excellence for Scientific & Research Journalism (COES&RJ),http://www.centreofexcellence.net/
Centre of Promoting Research Excellence (CPRE),http://cprenet.com/home/
CESER Publications,http://www.ceser.in/
Chitkara University Publications,http://www.chitkara.edu.in/publications/journals/
CIRWORLD,https://cirworld.com/
CIRWORLD [alt],https://cirworld.com/cir/
Clerisy Publishers,http://clerisyonlinepublishers.org/
ClinMed International Library,http://clinmedjournals.org/
Cloud Journals,http://cloud-journals.com/
Cloud Publications,http://www.cloudpublications.org/
The Clute Institute,http://www.cluteinstitute.com/
Clyto Access,http://www.clytoaccess.com/
Coltharp Institute,http://www.coltharpinstitute.com/
Columbia International Publishing,http://www.uscip.org/
Comparative Journals,http://comparativejournals.org/index.php/index
Comprehensive Research Journals,https://comprehensiveresearchjournals.org/
Computer Science Journals,http://www.cscjournals.org/
CONFAB Journals,http://www.confabjournals.com/
Congress Press,http://www.congresspress.com/Journals/index.php/index/index
"CONSORTIUM Intellectual Consortium of Drug Discovery and Technology Development, Inc. (ICDTD Inc.)",http://www.icdtdi.ca/home.html
Contemporary Research Center (CRC Publications),http://www.ijern.com/index.php
Convergence Information Society,http://www.globalcis.org/eng/
Cosmic Journals,http://cosmicjournals.com/
Cosmos Scholars Publishing House,http://www.cosmosscholars.com/
Council for Innovative Research,http://www.cirworld.net/
CRDEEP International Journals,http://www.crdeep.com/
Cresco Online Publishing,http://crescopublications.org/
Cresco Online Publishing [alt],http://crescoonline.org/
CREST Journals,http://www.crestjournals.com/
Crown Journals,http://www.crownjournals.org/
CSCanada,http://cscanada.net/
CTR Publications,http://tcrjournals.com/index.php
Current Research Web,http://www.curresweb.com/
Cyber Journals,http://www.cyberjournals.com/
DAMA International,http://www.sciencejournal.in/home/
Darsgah-e-Ahlebait,http://darsgah-e-ahlebait.com/journals.php
Darshan Publishers,http://darshanpublishers.com/index.html
David Publishing,http://www.davidpublishing.com/
David Publishing [alt],http://www.davidpublisher.org/
Deccan Pharma Journals,http://www.deccanpharmajournals.com/
DeNovo Scientific Publishing,http://www.denovojournal.com/
Dentamed Publishing,http://www.dentamedpublishing.com/
Design for Scientific Renaissance,http://www.sign-ific-ance.co.uk/index.html
"DEStech Publications, Inc.",http://www.destechpub.com/
Developing Country Think Tank Institute,http://dcthink.org/
Dhan Med Publishers,http://www.dhanmedpublishers.com/
Didactic Journals,http://didacticjournals.org/
Digital Information Research Foundation (DIRF),http://www.dirf.org/
Digital Science Press,http://dscipress.com/
Direct Research Journals,http://directresearchpublisher.org/
DISA Publication Group (DP Group),http://www.disa.org.in/DPGroup/index.html
Discourse Journals,http://www.resjournals.org/
Discovery Publication,http://discoveryjournals.com/
DJ Publications,http://www.djjames.org/
Donnish Journals,http://donnishjournals.org/
Dorma Journals,http://www.dormaj.com/
Dr.BGR Publications,http://www.drbgrpublications.in/
DRUNPP Sarajevo (Society for Development of Teaching and Business Processes in New Net Environment in B&H),http://www.drunpp.ba/
Dynamic Publishers,http://www.dynamicpublishers.org/journals/index.php/index
e-Century Publishing Corporation,http://www.e-century.org/
E-Cronicon,https://www.ecronicon.com/
e-journal,http://worldresearchjournals.com/
e-Science Central,http://esciencecentral.org/
e3Journals,http://www.e3journals.org/index.php
Eagle Publishing Group,http://eaglegp.org/
Earth Journals,http://www.earthjournals.org/
East West Association For Advanced Studies and Higher Education,http://ew-a.org/
Ebioscholar,http://ebioscholar.com/ojs/index.php/index/index
Ebu Press,http://www.ebupress.com/
eCanadian Journals,http://www.ecanadianjournals.com/ecanadian/
Econjournals,http://www.econjournals.com/index.php/index
The Economics and Social Development Organization (TESDO),http://www.tesdo.org/Default.aspx
Edelweiss Publications,http://edelweisspublications.com/edelweiss/frontend/index.php
EDUGAIT Press,http://www.edugait.com/
E-International Journals of Academic & Scientific Research (EIJASR),http://eijasr.com/index.php
E-International Scientific Research Journal Consortium (E-ISRJC),http://www.eisrjc.com/
Eighth Sense Research Group,http://www.internationaljournalesrg.org/
Einstein International Journal Organization (EIJO),http://www.eijo.in/
EISRJC Journals (E-International Scientific Research Journal Consortium),http://www.eisrjc.com/
"eJM Science, eJManager (eJM)",http://www.ejmscience.com/journals/
eJournals of Academic Research & Reviews,http://www.ejarr.com/
Eko Journal,http://www.ekojournal.com/
eLearning Institute,http://www.theelearninginstitute.org/
Electronic Center for International Scientific Information,http://ecisi.com/
Elewa Bio Sciences,http://www.m.elewa.org/index.php
Elite Hall Publishing House,http://elitehall.elitehall.com/
Elite Research Journals,http://www.eliteresearchjournals.org/
ELK Asia Pacific Journals,http://www.elkjournals.com/
ElmCore Journals,http://www.science-fellows.org/
Elmer Press,http://www.elmerpress.com/
ELVEDIT.COM,http://elvedit.com/
Elyns Publishing Group,http://www.elynsgroup.com/Default.aspx
Emerging Academy Resources (EAR),http://www.emergingresource.org/index.html
Engineering and Technology Publishing,http://etpub.com/
Engineering Journals/Engg Journals Publications (Engg Journals Publications),http://www.enggjournals.com/
Engineering Publication House,http://ephjournal.com/
Engineering Research Publication,https://www.erpublication.org/
Enhanced Research Publications (ER Publications),http://www.erpublications.com/
Enliven Archive,http://www.enlivenarchive.org/
Enriched Science Publication,http://www.printjournals.com/
Enviro Publishers,http://www.enviropublishers.com/
Enviro Research Publishers [alt],http://www.enviropublishers.com/
ERM Publications/Educational Research Multimedia & Publications,http://www.researchersworld.com/ermp.html
EPH Journal/Engineers Publication House,http://ephjournal.com/
EPIX PUB (EPIXPUB),http://epixpub.com/
EPRA Journals,http://eprajournals.com/
EPRA Wisdom,http://eprawisdom.com/
Erudite Journals Limited,http://eruditejournals.org/ejb/index.htm
ESRSA Publication — Engineering and Science Research Support Academy,http://www.esrsa.org/
ESci Journals Publishing,http://www.escijournals.net/
eScience Publisher (eSciPub),http://escipub.com/
ETA Maths Journals,http://etamaths.com/
Ethan Publishing Company,http://www.ethanpublishing.com/
Eurasian Academy of Sciences (Avrasya Bilimler Akademisi),http://eurasianacademy.org/
Eurasian Publications,http://www.eurasianpublications.com/
Eurasian Research Publishing,http://www.erepub.com/
Eurasian Union of Scientists (Eurasian Scientific Union ESU | Евразийский Союз Учёных ЕСУ),http://euroasia-science.ru/en/about/
Euro Asia Research and Development Association,http://www.euroasiapub.org/
EuroJournals,http://eurojournals.com/
European-American Journals,http://ea-journals.org/index.php
European Center for Science Education and Research (EUSER),http://euser.org/
European Journals of Business Management (EJoBM),http://www.ejobm.org/
European Journals of Education Studies,http://oapub.org/edu/index.php/index
The European Scientific Community,http://europe-science.com/en/
European Union Research Publishing,http://www.eurpub.com/
Everant,http://everant.in/
EverScience Publications,http://www.everscience.org/index.html
"ExcelingTech Publishing Company, Ltd.",http://ojs.excelingtech.co.uk/
Excellent Publishers,http://www.excellentpublishers.com/
Excellent Word Journals,http://www.excellentwordjournals.org/index.html
Excelytics Publishers,http://excelyticspublishers.com/
Expert Journals,http://www.expertjournals.com/
Far East Research Centre,http://www.fareastjournals.com/
Ficus Publishers,http://ficuspublishers.com/Home.php
Finlogy,http://onlinejournal.in/
Focus in Research & Education/Firepubs (FIRE),http://firepubs.com/index.php
Foundation for Promotion of Basic & Applied Science (FOPRAS),http://www.fopras.org/
Friends Science Publishers (FSP),http://www.fspublishers.org/index.php
Frontiers,http://www.frontiersin.org/
Frontiers in Bioscience (FBS),https://www.bioscience.org/
FSSH Scholarly Journals,http://fssh-journal.org/
Fundamental Journals,http://fundamentaljournals.org/
Fundamental Research and Development International (FRDI),http://frdint.com/index.html
Future Academy,http://www.futureacademy.org.uk/
Galore Knowledge Publication Pvt. Ltd.,http://www.gkpublication.in/
Gatha Cognition,http://www.gathacognition.com/
Gavin Publishers,http://gavinpublishers.org/
GBS Publishers & Distributors,http://www.gbspublisher.com/
Genexcellence Publication/G Publications,http://gpublication.com/
German Science and Technology Press,http://grsci-techpress.org/
Gexin Publications,http://gexinonline.com/
Global Academic Institute,http://www.globalacademicinstitute.com/
Global Advanced Research Journals,http://garj.org/
Global Business Research Journals,http://www.globalbizresearch.org/index.php
Global Institute for Research and Education,http://www.gifre.org/
The Global Journals,http://www.paripex.in/
"Global Journals, Inc.",http://globaljournals.us/
Global Open Journals,http://globalopenjournals.org/
Global Openaccess,http://globalopenaccess.com/
Global Publishing Corporation,http://gpcpublishing.com/
Global Research Journals,http://www.globalresearchjournals.org/
Global Research Online,http://www.globalresearchonline.net/
Global Research Publishing (GRP),http://www.grpjournal.org/
Global Researchers Journals,http://www.grjournals.com/
Global Scholars Journals,http://www.globalscholarsjournals.org/
Global Science Center LP,http://european-science.org/en/
Global Science Publishing Group,http://globalsciencepg.org/
Global Science Research Journals,http://globalscienceresearchjournals.org/
"Global Scientific, Inc.",http://globalpublication.org/index.html
Global Scientific Research Journals (GSR),http://www.gsrjournals.com/
Global Society of Scientific Research and Researchers (GSSRR),http://gssrr.org/index.php?journal=gssrr&page=index
Global Technocrats & Intellectual’s Association (GTIA),http://www.gtia.co.in/
GlobalSkope Publishing Society,http://globalskope.com/ijesr/index.html
Gnosis Open Access Publishers [Link dead; re-branded as,http://www.gnosisoa.org/
Gratis Open Access Publishers,http://www.gratisoa.org/
Gopalax,http://www.ijcns.com/
GRABS Educational Charitable Trust,http://grabstrust.com/
Grant Medical Journals (GMJ),http://grantmedicaljournals.org/
Graphy Publications,http://www.graphyonline.com/index.php
Gratis Open Access Publishers,http://www.gratisoa.org/
GRDS Publishing,http://grdspublishing.org/
Green Earth Research Network,http://www.gejournal.net/index.html
Green Global Foundation (GGF),http://www.ggfagro.com/
Greener Journals,http://www.gjournals.org/
Greenfield Advanced Research Publishing House,http://www.garph.co.uk/index.html
Growing Science Publishing Company,http://growingscience.com/index.html
GS Publishers,http://www.gspublishers.com/
GSB Life Sciences,http://gsblifesciences.org/index.php
Gurpukur Research Institute (GPRI),http://gscience.gurpukur.com/
Gyancity Research Lab Private Limited,http://gyancity.com/
Halmac Research [Link dead as of 2016-05-23],http://www.halmacresearch.org/
"Hans Publishers, Inc. (HansPub, 汉斯)",http://www.hanspub.org/
Har Krishan Bhalla & Sons (HKB Publications),http://hkbpublications.com/
Heighten Science Publications (HSP),http://www.heighpubs.com/
Helics Scientific Network (Helics Group),http://helicsonline.net/
Hendun Research Access,http://www.hendun.org/
Henry Publishing Group,http://www.henrypublishinggroup.com/
Herald International Research Journals,http://heraldjournals.org/index.htm
Herald Scholarly Open Access,http://www.heraldopenaccess.us/
Herbert Open Access Journals (Herbert Publications),http://www.hoajonline.com/
Hikari Ltd.,http://www.m-hikari.com/
Hilaris,http://www.e-hilaris.com/index.html
Hind Agri-Horticultural Society (HAHS/HIND Institutes/Research Journals),http://www.researchjournal.co.in/index.html
Horizon Journals,http://www.horizonjournals.org/
Horizon Research Publishing,http://www.hrpub.org/
Human and Sciences Publications (HumanPub),http://www.humanpub.org/
Human Resource Management Academic Research Society (HRMARS),http://hrmars.com/index.php?page=our%20journals%20f
International Academy of Science and Higher Education,http://iashe.eu/en/periodicals-journals-academy
iExplore International Research Journals Consortium (IIRJC),http://www.irjcjournals.org/
IAMURE Multidisciplinary Research,http://www.iamure.com/
ibai-publishing,http://ibai-publishing.org/
IBIMA Publishing,http://www.ibimapublishing.com/
ICGST,http://www.icgst.com/
iConcept Press Ltd.,https://www.iconceptpress.com/
ICTACT Journal,http://www.ictactjournals.in/index.aspx
Id Press / ID Design,http://www.id-press.eu/
IERI & PRESS,http://www.ieripress.com/
IGM Publication,http://igmpublication.org/index.html
IIARD Publication Company (International Institute of Academic Research and Development),http://www.iiardonline.org/
iJARS Group,http://www.ijarsgroup.com/
Ijbsse.org,http://ijbsse.org/
ijManager – Online Journal Management,http://www.ijmanager.org/
IJRCM,http://ijrcm.org.in/
IMED Research Publications,http://www.ijmhr.org/index.html
iMedPharm,http://www.imedpharm.com/
iMed.pub,http://imed.pub/
"Impact Journals (New York State, USA)",http://www.impactjournals.com/
"Impact Journals (Tamil Nadu, India)",http://www.impactjournals.us/index.php
Imperial Journals,http://www.imperialjournals.com/
Imprints Open Access,http://imprintsonline.org/index.php
Indian Academicians and Researchers Association (IARA),http://iaraedu.com/
Indian Society for Education and Environment (ISEE),http://www.iseeadyar.org/
IndianResearchJournals.Com,http://indianresearchjournals.com/Default.aspx
"Indus Foundation for Education, Research & Social Welfare",http://www.indusedu.org/
Infinity Press,http://infinitypress.info/publisher/
infofacility,http://www.infofacility.com/journals
Infonomics Society,http://infonomics-society.org/
Inforesights Publishing,http://inforesights.com/
Informatics Journals,http://www.informaticsjournals.com/
Information Engineering Research Institute (IERI),http://www.ier-institute.org/index.htm
Ingenious Enterprises International (INGENIN),http://ingenin.org/
Innovare Academic Sciences,http://innovareacademics.in/
Innovational Publishers,http://www.innovationalpublishers.com/
Innovative Journals,http://www.innovativejournal.in/
Innovative Publication,http://www.innovativepublication.com/
Innovative Space of Scientific Research (ISSR Journals),http://www.issr-journals.org/
Innovinc,http://innovinc.org/
INREWI,http://www.inrewi.com/home
Ishaan Publishing House,http://www.iphsci.com/index.html
Insight Core,http://www.insightcore.com/
Insight Knowledge,http://insightknowledge.co.uk/index.php
Insight Medical Publishing (IMedPub),http://imedpub.com/
Instaci,http://www.instascijournals.info/index.php
The Institute for Business and Finance Research (IBFR),http://www.theibfr.com/
Institute for Research and Development India (IRD),http://www.irdindia.in/
Institute of Advanced Scientific Research,http://www.i-asr.com/journals.aspx
Institute of Doctors Engineers and Scientists (IDES),http://www.theides.org/
Institute of Electronic & Information Technology,http://www.ieit-web.org/apscj/editorialboard.html
Institute of Integrative Omics and Applied Biotechnology,http://iioab.webs.com/researchandpublications.htm
Institute of Language and Communication Studies,http://www.inlcs.org/
Institute of Research Advances (IRA),http://www.research-advances.org/
Institute of Research and Journals (IRAJ),http://iraj.in/index.php
Institute of Research Engineers and Doctors (theIRED),http://www.theired.org/
Institute of Research Engineers and Scientists,http://theires.org/
Institute of Research In Engineering and Technology (IRET),http://www.iret.co.in/index.html
Institute of Strategic and International Studies,http://www.isisworld.org/
InTech Open Access Publisher,http://www.intechweb.org/
InTech Open Access Publisher [alt],http://www.intechopen.com/
Integrated Academic Journals,http://www.intergratedjournals.org/
Integrated Intelligent Research (IIR),http://iirpublications.com/index.php
Integrated Publishing Association,http://www.ipublishing.co.in/
Integrated Science Publications,http://indianscience.in/pubs/journals/
Intellectual Archive,http://www.intellectualarchive.com/
Intercontinental Management Research Review (ICMRR),http://icmrr.org/index.html
Interlink Continental Journals,http://icjpublishers.org/index.php
Intermedcentral,http://www.intermedcentral.hk/
International Academic Journals,http://www.inacj.com/
International Academic Publishing House,http://www.iaph.in/
International Academy for Advancement of Business Research (IAABR),http://www.iaabr.com/
International Academy for Science & Technology Education and Research (IASTER),http://www.iaster.com/index.php
"International Academy of Arts, Science & Technology (IAAST)",http://iaast.org/
International Academy of Business,http://www.intl-academy.org/index.htm
International Academy of Business & Economics (IABE),http://www.iabe.org/
International Academy of Computer & IT Engineering (IACITE),http://iacite.org/
International Academy of Ecology and Environmental Sciences (IAEES),http://www.iaees.org/
International Academy of Science and Higher Education (IASHE),http://iashe.eu/en/periodicals-journals-academy
"International Academy of Science, Engineering and Technology (IASET)",http://www.iaset.us/index.php
"International Academy of Science, Engineering and Technology (International ASET)",http://international-aset.com/index.html
"International Academy of Science, Technology, Engineering and Management",http://iastem.org/
International Academy Publishing (IAP),http://www.iap.org/
"The International Academy, Research and Industry Association (IARIA)",http://www.iaria.org/
International Advances for Research,http://www.intlafr.com/index.html
"International Agency for Development of Culture, Education and Science",http://iadces.com/
International Association for Academians,http://www.academians.org/
International Association for Engineering & Technology,http://www.iaet.net/
International Association for Engineering and Management Education (IAEME),http://www.iaeme.com/about.asp
"International Association for Information, Culture, Human and Industry Technology",http://www.aicit.org/publications.html
International Association of Computer Science and Information Technology (IACSIT Press),http://www.iacsit.org/
International Association of Advances in Engineering and Technology (IAAET),http://iaaet.org/
International Association of Engineering & Technology Researchers (IAETR),http://iaetr.org/
International Association of Journals & Conferences (IAJC),http://www.iajc.org/overview.html
International Association of Scientific Innovation and Research (IASIR),http://iasir.net/index.html
International Association of Technology Education & Industry,http://iatei.org/
International Bauhaus Science Press,http://www.bhssci.com/
International Center for Business Research,http://icbr.net/
International Centre for Integrated Development Research (ICIDR),http://www.icidr.org/index.php
International Centre of Culture Inventory,http://www.icoci.org/
International Computer Science and Engineering Society (ICSES),http://www.i-cses.com/
International Conference on Computer Science and Engineering,http://www.icgst.com/
International Digital Organization for Scientific Information (IDOSI),http://idosi.org/index.htm
International Economics Development and Research Center (IEDRC),http://www.iedrc.org/
International Education Research Foundation (IERF),http://www.ierfinfo.com/
International Educative Research Foundation And Publisher,http://www.publisher.ijier.net/
International eJournals,http://internationalejournals.com/
International Formulae Group (IFG),http://www.ifgdg.org/
International Forum of Researchers Students and Academician (IFRSA),http://www.ifrsa.org/
International Foundation for Modern Education and Scientific Research (INFOMESR),http://infomesr.org/en/home
International Foundation for Research and Development,http://www.ifrnd.org/
International House for Academic Scientific Research [Link dead as of 2013-01-02],http://www.ihasr.org/
International Indexed Refereed Research Journal,http://www.ssmrae.com/
International Information Institute,http://www.information-iii.org/
"International Institute for Private, Commercial and Competition Law",http://iipccl.org/
"International Institute for Science, Technology and Education (IISTE)",http://www.iiste.org/Journals/
International Institute of Engineers (IIE),http://www.iieng.org/journals.php
International Institute of Engineers & Researchers,http://theiier.org/Conference/Singapore/1/ICSTEM/publication.php
International Institute of Informatics and Systemics,http://www.iiis.org/
International Institute of Science & Industry Research (IISIR),http://www.iisir.org/
International Invention Journals,http://internationalinventjournals.org/index.html
International Journal of College & University (IJCU),http://ijcu.us/
International Journal of Research & Development Organisation (IJRDO),http://www.ijrdo.org/
International Journal Publishers Group,http://www.ijpg.org/
The International Journal Research Publications (TIJ Research Publications),http://www.theinternationaljournal.org/ojs/index1.htm
International Journals (Yadav Scientific Journals Publishers),https://ijddmr.wordpress.com/
International Journals.co.in,http://www.internationaljournals.co.in/titles.aspx
International Journals for Research (IJR),http://internationaljournalsforresearch.com/index.php
International Journals for Research (IJR Group),http://ijrgroup.com/
International Journals for Researchers,http://www.ijronline.com/
International Journal of Academic Research (Publisher),http://www.eu-print.org/ilk.php
International Journals of Engineering & Sciences,http://www.ijens.org/
International Journals of Multi Dimensional Research,http://www.ijmr.net.in/
International Journals of Multidisciplinary Research Academy,http://www.ijmra.us/
International Journals of N&N Global Technology (IJNNGT),http://www.ijnngt.org/index.php
International Journals of Research (INTJR),http://intjr.com/index.php
International Journals of Research Papers (IJRP),http://gssrr.org/
International Journals of Sciences and High Technologies (IJSHT),http://ijsht-journals.org/
International Journals of Scientific Knowledge (IJSK),http://www.ijsk.org/
International Journals of Scientific Research Publications (IJSRPUB),http://www.ijsrpub.com/
International Journals of Scientific Research (IJSR),http://ijscience.com/default.htm
International Knowledge Press,http://www.ikpresse.com/
International Network for Applied Sciences and Technology,http://www.inast.org/
International Network for Natural Sciences (INNSPUB),http://www.innspub.net/
International Network for Scientific & Industrial Information,http://insii.com/index.php
International Online Knowledge Services Provider (IOKSP),http://www.ioksp.com/index.html
International Online Medical Council (IOMC),http://www.iomcworld.com/publications.htm
International Organization Center of Academic Research (OCERINT),http://www.ocerint.org/index.php/homepage
International Organization of Scientific Invention (IOSI),http://iosi.in/
International Organization of Scientific Research (IOSR Journals),http://iosrjournals.org/index.html
International Organization of Scientific Research and Development (IOSRDD),http://iosrd.org/
International Postgraduate Network (IPN Network),http://www.internationalpostgraduatenetwork.org/
International Publisher & C.O (IPCO),http://ipco-co.com/
International Publisher for Advanced Scientific Journals (IPASJ),http://ipasj.org/index.htm
"International Recognition Multidisciplinary Research Journals, Monthly Publish",http://lsrj.in/
International Recognition Research Journals,http://www.lsrj.in/
"International Research Association of Computer Science, & Technology (IRACST)",http://www.iracst.org/home.htm
International Research E-Journals,http://www.oiirj.org/
International Research Group,http://www.irgjournals.org/
"International Research Journals (Accra, Ghana)",http://resjournals.com/
"International Research Journals (Lagos, Nigeria)",http://www.interesjournals.org/
International Research Organization of Computer Science (IROCS),http://www.irocsjournals.org/irocs/home.php
International Research Publication House (IRPH),http://www.irphouse.com/
International Research Society For Promotion of Science (INPOSO),http://www.inposo.org/
International Scholarly Open Access Research (ISOAR),http://internationaljournalofresearch.org/
International Scholars Journals,http://internationalscholarsjournals.org/
International Science & Research Journals (ISRJ/ISRJournals),http://www.isrjournals.org/
International Science and Medical Journals (isaMed),http://www.isamedjournals.com/
International Science Community Association,http://www.isca.in/
International Scientific Academic Corporation,http://isacorporation.org.in/
International Scientific Academy of Engineering & Technology,http://www.isaet.org/
International Scientific Engineering and Research Publications,http://iserp.org/
International Scientific Invention Journals,http://isij.in/
International Scientific Publications,http://www.scientific-publications.net/
"International Scientific Research Organization for Science, Engineering and Technology (ISROSET)",http://www.isroset.org/
International Scientific Research Organization Journals (ISROJ),http://isroj.net/index.php?menu=home
International Skill Research Journals,http://acjournal.in/
International Society for Engineering Research and Development (ISERD),http://www.iserd.co/
International Society for Engineers and Researchers (ISER),http://iser.co/
International Society for green.sustainable engineering and management,http://isgsemjournal.blogspot.com/
International Society for Zoological Research (ISZR),http://iszr.org/Jrs/index.php/index/index
International Society of Thesis Publication (ISTP),http://www.istp.org.in/
International Society of Universal Research in Sciences (EyeSource),http://www.isurs.org/
International Technology Innovation (ITi),http://theiti.net/
InternationalJournals.co.in,http://internationaljournals.co.in/
Internet Scientific Publications,http://www.ispub.com/
Interscience Journals,http://interscience.org.uk/
Interscience Open Access Journals,http://www.interscience.in/
International Union of Scence and Education (Inter-USE),http://inter-use.com/
Intuition Journals,http://intuitionjournals.org/
Invention Journals,http://inventionjournals.org/
IORE International,http://www.ioreinternational.org/
Institute of Science Publishing (IOS Publishing),http://www.iospublishing.org/
International Organization of Scientific Research,http://iosrjournals.org/index.html
iProbe Group,https://www.iprobegrp.com/
Ira Publications,http://www.irapub.com/
IRED International Journals,http://theired.org/organizer.html
IRO Journals,http://irojournals.com/index.html
International Research Organization of Sciences and Social Sciences (IROSSS),http://www.irosss.org/
Isaac Scientific Publishing,http://www.isaacpub.org/Home.aspx
iSER Publications,http://iserjournals.com/
Ishitv Technologies,http://ishitvtech.in/#
ISISnet,http://www.isisn.org/
Islamic World Network for Environmental Science and Technology (IWNEST Publisher),http://www.iwnest.com/index.html
International Scientific Publications and Consulting Services (ISPACS),http://ispacs.com/
Ivy Union Publishing,http://ivyunion.org/
International Journal of Academic Research (Publisher),http://www.eu-print.org/ilk.php
Jabalpur Management Association,http://jabalpurmanagementassociation.co.in/Journals.aspx
Jacobs Publishers,http://www.jacobspublishers.com/index.php
JACS Directory,http://jacsdirectory.com/jacs/index.php
Jaypee Journals,http://jaypeejournals.com/
JET Publishing,http://www.jetpublishing.org/index.html
Journals of Scientifics R&D,http://journals-of-scientifcs-rd.com/
Joseph Publishing Group,http://www.josephpublishinggroup.com/
Journal Dynamics,http://www.journaldynamics.org/
Journal Issues,http://www.journalissues.org/index.php
Journal Network,http://www.journalnetwork.org/
Journal of Comprehensive Research,http://jupapadoc.startlogic.com/compresearch/
Journal of Harmonized Research Publications,http://www.johronline.com/
Journal of The International Association of Advanced Technology and Science (JIAATS),http://www.jiaats.com/index.php
Journals Club & Co.,https://journalsclub.com/
Journals Pub,http://www.journalspub.com/
JournalsBank,http://www.journalsbank.com/
JScholar Journals,http://www.jscholaronline.org/list-of-journals.php
JSciMed Central,http://www.jscimedcentral.com/
July Press,http://julypress.com/
Juniper Publishers,http://juniperpublishers.com/
Jyoti Academic Press,http://jyotiacademicpress.net/
KAAV Publications,http://www.kaavpublications.org/
Kaleidoscope Journals,http://www.kjournals.org/
KambohWell Publisher Enterprises,http://www.kwpublisher.com/
Kamla Raj Enterprises (KRE Publishers),http://www.krepublishers.com/KRE-New-J/index.html
KEI Journals,http://www.journals.ke-i.org/index.php/index/index
KEJA Publications,http://www.kejapub.com/
Kenkyu Group,http://www.kenkyuonline.org/
Key Research Journals (KRJ),http://www.keyresearchjournals.org/
Kiban Research Publications,http://kibanresearchpublications.com/index.html
Kindi Publication,http://www.kindipublication.com/home.html
Knowledge Publishing Printing & Distribution House,http://www.knowledgepublishinghouse.com/index.html
Knowledgebase Publishers,http://www.knowledgebasepublishers.org/
KnowledgeCuddle Publication,http://www.knowledgecuddle.com/
KnowledgesPublisher,http://www.knowledgespublisher.com/
Knowledgia Scientific (formerly Knowledgia Review),http://www.knowledgia.net/
Kogaion Publishing Center,http://euacademic.org/
Kowsar Publishing,http://kowsarpub.com/en/
Kozmenko Science Publishing,http://www.kozmenkopublishing.com/
Krishi Sanskriti,http://www.krishisanskriti.org/Jounrals.php?title=Journals
KSP Journals,http://kspjournals.org/
KY Publications,http://www.kypublications.com/
Ladder Publishing House,http://www.ladderpublishers.org/
Landmark Research Journals,http://www.landmarkresearchjournals.org/lrjbme/index.php
LAR,http://www.thelar.org/
Lawarence Press,http://lawarencepress.com/
Lecolink Research Journals,http://www.lecolinkresearchjournals.org/index.php
Lectito Journals,http://www.lectitojournals.com/
Leena & Luna International,http://www.ajssh.leena-luna.co.jp/
Lexis Publisher,http://lexispublisher.com/index.html
Library of Academic Resources (LAR),http://thelar.ca/
Lifescience Global,http://www.lifescienceglobal.com/
LifeSciFeed Ventures,http://www.lifescifeed.com/index.htm
Lighthouse Journal Publication (Lighthouse Journals),http://www.lighthousejournals.org/index.php
Literati Scientific and Publishers (Literati Publishers),http://literatipublishers.com/Journal/index.html
London Journals Press,http://journalspress.com/
Longbridge Publishing Company,http://www.lbrpublishing.com/
Look Academic Publishers,http://lookacademy.nl/
Lorem Journals,http://loremjournals.com/index.php
Macoctagon Journals,http://www.macoctagonjournals.org/
macroJournals,http://macrojournals.com/home
Macrothink Institute,http://www.macrothink.org/
MacroWorld,http://www.macroworldpub.com/
Madridge Publishers,http://madridge.org/
Mainspringer,http://mainspringer.com/pub_site/
Management Journals,http://www.managementjournals.org/index.php
Marsland Press,http://www.sciencepub.net/
Mary and Sam Research Academia,http://www.marynsam.co.uk/
Maryland Institute of Research,http://miredu.org/
MASAUM Network,http://www.masaumnet.com/
Mathews Open Access Journals,http://www.mathewsopenaccess.com/
Maxwell Scientific Organization,http://maxwellsci.com/jlist.php
MAYFEB Technology Development,http://www.mayfeb.com/OJS/
McMed International,http://mcmed.us/
Meas Publishing Ltd,http://measpublishing.co.uk/
Modern Education and Computer Science Press (MECS ),http://www.mecs-press.org/
MedCrave,http://medcraveonline.com/
Medical science,http://www.ghrnet.org/index.php/index/index
Medical Science Journals [Link dead as of 2012-11-14],http://medical.sciencejournals.cc/
Medip Academy,http://www.medipacademy.com/
Mediterranean Center of Social and Educational Research (MCSER),http://mcser.org/
MEDNANO Publications,http://www.medtechnano.com/
Medwell Journals,http://www.medwelljournals.com/home.php
Medwin Publishers,http://medwinpublishers.org/
Meghana Publications,http://meghanapublications.com/index.php#MEGHANA
Mehta Press,http://www.mehtapress.com/
Merit Research Journals,http://meritresearchjournals.org/index.htm
Meta Research Press,http://www.mrpress.org/
MNK Publication,http://www.mnkjournals.com/index.htm
Modern Research Publishers,http://www.modernrespub.org/
Modern Scientific Press,http://modernscientificpress.com/
Mr. Scholar,https://www.mrscholar.com/
Muhammadon Centre for Research and Development (MCRD),http://www.muhammadon.org/index.php
MuK Publications & Distributions,http://www.mukpublications.com/
Multidisciplinary Journals,http://www.multidisciplinaryjournals.com/
Mustang Journals,http://mustangjournals.com/index.html
N&N Global Technology (NNGT),http://www.nngt.org/
Narain Publishers Pvt. Ltd (NPPL),http://www.npplweb.com/
National Association of Scholars (Национальная ассоциация ученых / НАУ),http://national-science.ru/
National College of Physicians,https://www.ncnp.org/medical-journals.html
Natural Sciences Publishing Corporation,http://www.naturalspublishing.com/index.asp
Naturepub,http://naturepub.org/
Nauk Publication,http://www.naukpublication.org/
Nemis Journals,http://www.nemisjournals.org/
Nessa Publishers (NP),http://www.nessapublishers.com/index.php
Net Journals,http://www.netjournals.org/
New Century Publishing Group,http://www.newcpress.com/
New Century Science Press,http://www.newcenturyscience.com/
New Delhi Publisher,http://ndpublisher.in/index.php
New Ground Research Journals,http://www.newgroundresjournals.org/
New Science Series Journals (NSSJ),http://web.newscienceseries.com/
New Scientist Publishers,http://www.newscientistpublish.com/
New World Publishing,http://www.newworldpub.com/homepage.html
New World Sciences Academy,http://www.newwsa.com/
Newpubli,http://www.newpubli.com/index.shtml
Nexus Academic Publishers (NAP),http://nexusacademicpublishers.com/
nhsJournal,http://nhsjournals.org/
Noble Academic Publisher (NAP),http://napublisher.org/
Nobel International Journals,http://www.nobel.gen.tr/
NobleResearch,http://nobleresearch.org/
Non Olympic Times,http://www.nonolympictimes.org/
North American Research Publishing,http://www.narpub.com/
North Asian International Research Journal Consortium (NAIRJC),http://www.nairjc.com/
North Atlantic University Union,http://www.naun.org/wseas/cms.action
Noto-are,https://www.notoare.com/
Nova Explore Publications,http://novaexplore.com/
Novel Science,http://www.nvlscience.com/
Novelty Journals,http://www.noveltyjournals.com/
Novus Scientia Journals,http://novusscientia.org/index.php
Nuclei Online,http://nucleionline.org/
OA Publishing London,http://oapublishinglondon.com/index.php
"OAE Publishing, Inc. (OAE)",http://oaepublish.com/
Oak-Fortress Journals,http://oakfortressjournals.org/index.php
OASP Journals,http://www.oaspjournal.org/
Oceanic Journals,http://oceanicjournals.org/
Ology Science,http://ologyscience.com/index.php
OMICS International,http://www.omicsonline.org/
Ommega Publishers,http://ommegaonline.com/
OneCentral Press,http://www.onecentralpress.com/
Online Journals Management System (OJMS),http://onlinejournals.oscij.com/index.php/index/index
Online Research Journals,http://onlineresearchjournals.org/index.htm
Online Science Publishing,http://onlinesciencepublishing.com/
OPAST,http://www.opastonline.com/
Open Access eBooks,http://openaccessebooks.com/
Open Academic Press,http://www.openacademicpress.de/
Open Access Journal Limited (The OJAL),http://theojal.com/
Open Access Journals,http://www.openaccessjournals.com/
Open Access Journals Publishing Company,http://oaj-pc.com/
Open Access Library,http://www.oalib.com/
Open Access Pub,http://www.openaccesspub.org/
Open Access Pub [alt],http://oap-journals.org/index.php
Open Access Publishing Group,http://oapub.org/edu/index.php/index
Open Access Science Research Publisher (OASRP),http://openaccessscience.com/
"Open Access Text (OAT, OA Text)",http://oatext.com/
Open BioMedical Publishing Corporation (OBM),http://www.obm-pc.com/
Open Journal Systems,http://ambs-journal.co.uk/ojs-2.4.7-1/index.php/index
Open Knowledge Journals,http://okjournals.org/
Open Research and Science Library (ORSlib),http://www.orslib.org/index.html
Open Research Network,http://www.openresearchnetwork.org/
Open Research Society,http://www.open-knowledge-society.org/
Open Science,http://www.openscienceonline.com/
Open Science Publications,http://www.opensciencepublications.com/
Openventio Publishsers,http://openventio.org/
OPR Science,http://oprscience.com/
ORB Academic Publisher,http://www.orb-academic.org/
Orbit Research and Development,http://www.orbitjournals.com/index.php
ORIC Publications,http://www.oricpub.com/
Ozean Publications,http://ozelacademy.com/
Pacesetter Online Publishers,http://pacesetteronlinepublishers.org/
Pacific Group of e-Journals (PaGe),http://pacificejournals.com/
Pak Publishing Group,http://www.pakinsight.com/
Pakistan Science Mission (PSM),http://psmpublishers.org/
Palgo Journals,http://www.palgojournals.org/
Panacea Research Library,http://prlpublisher.com/
Paper Publications,http://www.paperpublications.org/
PaperSciences Research Publisher,http://www.papersciences.com/
Paramount Journals,http://www.paramountjournals.com/
PBS Journals,http://pbsjournals.com/index.php
Peak Journals,http://www.peakjournals.org/index.html
Pearl Publication,http://www.pearlpub.com/
Pearl Research Journals,http://www.pearlresearchjournals.org/
Peertechz (Peer Teechz),http://www.peertechz.com/
Pelagia Research Library,http://pelagiaresearchlibrary.com/index.html
Pencil Academic Press,http://www.pencilacademicpress.org/
Pezzottaite Journals,http://pezzottaitejournals.net/pezzottaite/
Pharma Intelligence,http://www.pharmaintelligence.org/
Pharma Publisher,http://www.pharmapublisher.com/
Pharma Research Library,http://www.pharmaresearchlibrary.com/
Pharmaceutical Research Foundation,http://pharmresfoundation.com/
PharmaInfo,http://www.pharmainfo.in/
PharmaInterScience Publishers,http://www.pharmainterscience.com/
Pharmascope Publications,http://www.pharmascope.org/
Philippine Association of Institutions for Research (PAIR),http://philair.ph/publication/index.php/index/index
Photon Foundation,https://sites.google.com/site/photonfoundationorganization/
Pinnacle Journal Publication,http://pjpub.org/
Pinnacle Research Journals (PRJ),http://prj.co.in/
Pioneer Scientific Publisher,http://www.pspchv.com/
PiscoMed Publishing,http://www.piscomed.com/
Planetary Scientific Research Center (PSRC),http://psrcentre.org/
Platinum Global Journals,http://www.platinumglobaljournals.org/
Premier Publishers,http://premierpublishers.org/
PressAcademia,http://www.pressacademia.org/
Prime Journals,http://www.primejournal.org/index.html
Pristine Research Journal Publications (PRJP),http://www.prjp.org/index.htm
Priyanka Research Journal Publication,http://www.prjpublication.com/index.html
Progressive Academic Publishing,http://www.idpublications.org/
Progressive Science Publications,http://www.pscipub.com/MWP/
Project Innovation,http://www.projectinnovation.biz/
Project Innovation [alt],http://www.projectinnovation.com/
Professional Journals (ProJournals),http://www.projournals.org/
Proscience Journals,http://www.proscience-journals.com/default.php
Prudence Journals,http://www.prudencejournals.org/index.htm
Prudent Journals,http://prudentjournals.org/IRJCP/
Pubicon International Publications (Pubicon Journals),http://www.pubicon.com/
Public Science Framework,http://www.aiscience.org/psf/index.html
Publishing House of Sciences (PHS),http://phosciences.com/
Pulsus Group,http://www.pulsus.com/
Purple Journals,http://www.purplejournals.org/
Pushpa Publishing House,http://www.pphmj.com/
Pyrex Journals,http://www.pyrexjournals.org/
Qingres,http://www.qingres.com/
Quazzy Journals,http://quazzyjournals.org/index.htm
Quest Journals,http://www.questjournals.org/index.html
R&D Modern Research Publication,http://rdmodernresearch.com/
R & S Publications [Link dead as of 2013-07-04],https://sites.google.com/a/randspublications.org/randspublications/home
RAJ Group,http://www.ra-j.org/
Rating Academy,http://ratingacademy.com.tr/web/index.php/en/
Readers Insight Publishers,http://readersinsight.net/
Recent Science,http://recentscience.org/
Red Flower Publication Private Limited,http://www.rfppl.co.in/index.php
RedFame Publishing,http://www.redfame.com/home/
Remedy Publications,http://www.remedypublications.com/
Renu Publishers,https://renupublishers.com/
Research & Analysis Journals (RA Journals),http://www.rajournals.in/
Research Academy of Social Sciences (RASS),http://www.rassweb.com/
Research Alert Journals,http://resealert.com/
Research and Educational Society,http://www.resindia.org/
Research and Information Organization (RIO),http://riojournals.com/home/
Research and Knowledge Publication,http://www.rekpub.com/
Research and Scientific Innovation Society (RSIS),http://www.rsisinternational.org/
Research & Reviews (International Journals),http://www.rroij.com/
Research Centre for Management and Social Studies (RCMSS),http://rcmss.com/
Research Consultants and Publisher,http://recopublisher.org/index.php/Recopublisher
Research Foundation for Humanity (RFH),http://rfh.org.pk/
Research India Publications (RIP),http://www.ripublication.com/
Research Institute for Progression of Knowledge (RIPK),http://www.ripknet.org/
"Research Institute for Science, Technology, and Society (RISTaS)",http://journal.ristas.org/
Research Journal,http://www.researchjournalz.com/
ResearchLEAP,http://researchleap.com/
Research Open,http://researchopenworld.com/
Research Publish Journals,http://www.researchpublish.com/
Research Publisher,http://researchpub.org/index.html
Research Publishing Group,http://rpublishing.org/
"Research, Science, and Technology Publishers (RST)",http://rstpublishers.com/
Research Script,http://researchscript.com/
Research Trend,http://www.researchtrend.net/
Research WebPub,http://www.researchwebpub.org/
Researchjournali,http://www.researchjournali.com/index.php
Revistas Academicas,http://revistas-academicas.com/
Revotech Press,http://www.revotechpress.com/
RG Education Society (RG Journals of Scientific Research),http://www.rgsociety.org/
Rising Vision (RV),http://www.risingvision.org/index.html
Ross Science Publishers,http://rossscience.org/index.php
RS Publication,http://rspublication.com/
"Rutveg Publishing, Inc.",http://www.rutveg.com/
ResearchWorld (RW),http://researchworld.org/
Sacha And Diamond Academic Publishers,http://www.sachajournals.com/
Sageya Publishers,http://www.jicep.com/?page=aboutsageya
Sadguru Publications,http://www.sadgurupublications.com/ContactUs.aspx
Sai Om Publications,http://www.saiompublications.com/
Sai Scientific Communications,http://sphinxsai.com/index.htm
Sakun Publishing House (SPH),http://www.ijplsjournal.com/index.html
SAMANM Group of Research Publications (SGRP),http://www.samanmjournals.org/
Sanford Inter Science Press,http://sispress.org/
Sans Publishing Group,http://www.sansgroup.org/
Sapient Press,http://www.sapientpress.com/index.html
Savant Journals,http://savantjournals.org/
SAVAP International,http://www.journals.savap.org.pk/
Savvy Science Publisher,http://savvysciencepublisher.com/
Scholar Journals [Link dead as of 2013-04-20],http://www.scholarjournals.org/
Scholar People,http://scholarpeople.org/
Scholar Publications,http://www.scholarpublications.in/index.html
Scholar Science Journals,http://www.ssjournals.com/
ScholArena,http://www.scholarena.com/
Scholarlink Resource Centre Limited,http://scholarlinkresearch.com/
Scholarly and Academic Research Journals (SARJ),http://www.sarjournals.org/index.html
Scholarly Journals,http://scholarly-journals.com/index.htm
Scholarly Research Journal’s,http://www.srjis.com/
Scholarly Research Publisher,http://www.srpublishers.org/
Scholars Academic and Scientific Publishers (SAS Publishers),http://saspublisher.com/
Scholars Scitech Research,http://www.scischolars.com/
Scholars Middle East Publishers,http://scholarsmepub.com/
Scholars Research Library,http://scholarsresearchlibrary.com/
ScholarsHub.net,http://www.scholarshub.net/
Scholedge R&D Center,http://thescholedge.org/
Scholink,http://www.scholink.org/Home.html
Scholoxy Publications,http://www.scholoxy.org/open-access-journals.php
Sci-Afric Publishers,http://www.sci-africpublishers.org/
Sci-Edit Publications,http://sci-edit.net/journal/
Sci Forschen,http://sciforschenonline.org/
SciDoc Publishers,http://scidoc.org/index.php
Sciedu Press,http://sciedu.ca/web/
Science & Engineering Research Support soCiety (SERSC),http://www.sersc.org/
Science & Knowledge Publishing Corporation Limited,http://scik.org/
The Science and Information Organization (SAI),http://thesai.org/
Science and Knowledge Research Society (S & K Research Society),http://www.sandkrs.com/index-2.html
Science Academy Publisher,http://www.sciacademypublisher.com/
Science Alert,http://scialert.net/index.php
Science and Education Centre of North America,http://www.todayscience.org/
Science and Education (SciEP sciepub.com),http://www.sciepub.com/portal/Home
Science and Engineering Publishing Company,http://www.seipub.org/
Science and Technology Central,http://scitechc.com/index.php/index
Science and Technology Publishing,http://www.scitecpub.com/
Science Arena Publications,http://sciarena.com/MWP/
Science Education Foundation,http://www.ejournalnet.com/
Science Explorer Publications (explorerpub.com),http://explorerpub.com/en/
Science Fair Open Library (SFOL),http://www.sciencefairopenlib.com/index.html
ScienceFlora,http://scienceflora.org/
Science Huβ,http://scihub.org/
Science Instinct Publications,http://www.sciipub.com/
Science Journal Publication (SJP),http://www.sjpub.org/
Science Park Journals,http://scienceparkjournals.com/
Science Park Research Organization and Counseling (SPROC),http://www.sproc.org/index.htm
Science Publications,http://www.thescipub.com/
Science Publications,http://www.sciencepublication.org/
Science Publishers (TSP),http://thesciencepublishers.com/
Science Publishing Corporation,http://www.sciencepubco.com/
Science Publishing Group,http://www.sciencepublishinggroup.com/home/index.aspx
Science Q Publishing Group,http://www.scienceq.org/
Science Record Journals,http://www.sciencerecord.com/
Science Research Association (SCIREA),http://www.scirea.org/
Science Research Library (SRL),http://www.scienceresearchlibrary.com/
Science Sights,http://sciencesights.com/j/home.php?x=0
Science Signpost Publishing Inc. (SSPub),http://www.ss-pub.org/
Science Target,http://www.sciencetarget.com/
Science Web Publishing (Scienceweb Publishing),http://www.sciencewebpublishing.net/
ScienceDomain International,http://www.sciencedomain.org/
ScienceDomain International [alt],http://www.sciencedomains.org/
Scienceline Publications,http://www.science-line.com/index/
ScienceSolve,http://www.sciencesolve.com/
Sciences & Engineering Research Publication,http://www.scenrp.com/
ScienceScript,http://www.sciencescript.org/
Scienpress Ltd.,http://www.scienpress.com/Default.asp
Sciencevier,http://sciencevier.com/
Scient Open Access,http://scientonline.org/
ScienTech Publisher,http://www.sci-en-tech.com/index.html
Scientia Ricerca,http://scientiaricerca.com/
Scientia Socialis,http://www.scientiasocialis.lt/?q=node/5
Scientific & Academic Publishing,http://www.sapub.org/journal/index.aspx
Scientific Advances Publishers,http://www.scientificadvances.co.in/
Scientific & Academic Publishing (SAP),http://www.sapub.org/journal/index.aspx
Scientific Cooperations,http://ase-scoop.org/journals.html
Scientific Federation (SciFed),http://scientificfederation.com/index.php
Scientific Future,http://scientificfuturegroup.com/
Scientific Institute For Advanced Training and Studies (SIATS),http://www.siats.co.uk/
Scientific Journals,http://www.scientific-journals.co.uk/
Scientific Journals International,http://www.scientificjournals.org/
Scientific Literature,http://www.scientificliterature.org/
Scientific Online Publishing,http://www.scipublish.com/
Scientific Open Access Journals (SOAJ),http://www.scientificoajournals.org/index.php
The Scientific Pages,http://thescientificpages.org/
Scientific Perspectives Publishing (Scipers),http://waprogramming.com/index.php
Scientific Planet,http://www.sciencebeingjournal.com/
Scientific Platform Online Journals,http://sciplatform.com/journals/index.php/index/index
Scientific Research Gate,http://scigatejournals.com/publications/
Scientific Research Publishing (SCIRP),http://www.scirp.org/
Scientific Times,http://scientifictimes.org/index.html
Scientific Viewers,http://www.scientificviewers.com/
ScientificWebJournals (SWJ),http://www.scientificwebjournals.com/
Sci Forschen,http://sciforschenonline.org/
Scigmoid,http://www.scigmoid.com/index.php
Sciknow,http://www.sciknow.org/
Scinzer Scientific Publications,http://www.scinzer.com/
SciPress Ltd,http://www.scipress.com/
SciRes Literature,http://scireslit.com/index.php
SciRex,http://scirexonline.com/
SCITECH,http://scitecresearch.com/
SciTech Publishers,http://www.thescitechpub.com/publishers/index.aspx
Scitechz,http://scitechz.com/index.html
SciTechnol,http://scitechnol.com/
ScottishGroup Education and Testing Services,http://scottishjournal.co.uk/
Scribes Guild,http://www.scribesguildjournals.org/journals.html
SEAHI Publications & Academic Journals (SEAHI PAJ),http://seahipaj.org/
Segment Journals,http://www.segmentjournals.com/
Seitejournals,http://www.seitejournals.com/
Serials Publications Pvt Ltd,http://www.serialsjournals.com/
SETScholars,http://www.setscholars.org/
Seventh Sense Research Group Journals,http://www.internationaljournalssrg.org/index.html
Shri Param Hans Education & Research Foundation Trust,http://www.sphert.org/
Sift Desk,http://www.siftdesk.org/
Significs Online Publishing,http://significsonline.com/
Signpost e Journals,http://signpostejournals.com/ejournals/Home.aspx
Silicon Valley Publishers,http://www.svpublishers.co.uk/
Singaporean Journals,http://iaaet.org/sjsr/index.html
SJournals,http://sjournals.com/
Sky Journals,http://www.skyjournals.org/index.htm
Slovakia Academic Publishing (SVAP),http://www.skaponline.com/
SM Group (SM Online Publishers),http://smjournals.com/
Smart Science & Technology,http://www.smartscitech.com/
SmatPub,http://smatpub.com/Journals.php
Smile Nation – Lets Smile Together,http://www.ijsscr.com/contact.html
Smith & Franklin Academic Publishing Corporation,http://smithandfranklin.com/
Society for Advancement of Sciences,http://www.sasjournals.com/
Society for Science and Education United Kingdom (SSE-UK also called),http://scholarpublishing.org/index.php/index
Society for Science and Education,http://scholarpublishing.org/sse/
Society for Science and Nature,http://scienceandnature.org/index.php
Society of Business Research,https://www.sbrconferences.com/
Society of Digital Information and Wireless Communications (SDIWC),http://sdiwc.net/
Society of Education,http://soeagra.com/
Society of Engineering Science and Technology (SEST India),http://www.sestindia.org/
Sons and Daughters Publishing House/SDPHI/E-JOURNALDIRECT,http://www.e-journaldirect.com/index.php
"Source,",http://www.researchsource.org/home
Source Journals,http://sourcejournals.com/
South Asian Academic Research Journals,http://www.saarj.com/index.html
Southern Cross Publishing Group,http://www.sciencej.com/submit.html
Speak Foundation,http://foundationspeak.com/
SPIRI The Global Research,http://www.spiri.org/
Spring City Culture International Group Pte Ltd.,http://www.springcityculture.com/
Spring City Culture International Group Pte Ltd. [alt],http://www.spring-city.org/
Spring International S&T Publishing Media Co. (Spring Media Publishing),http://springpublishing.org/index.php/index/index
Spring Journals,http://www.springjournals.net/
Springwood Publishing Corporation,http://www.springwoodpublication.com.au/
Sprint Journals,http://www.sprintjournals.com/
Sri Krishna International Research & Educational Consortium (SKIREC),http://skirec.org/index
SS Publications,http://www.sspublications.co.in/
St. Anne Mary Publication,http://www.annemary.org/publication
Standard Global Journals,http://www.standardglobaljournals.com/index.html
The Standard International Journals,http://www.thesij.com/
Standard Research Journals,http://standardresearchjournals.org/
Statperson Publishing Corporation,http://statperson.com/
STM Connect,http://www.stmconnect.com/
Streem Journal,http://streemjournals.org/
Stringer Open,http://www.stringeropen.com/
Suryansh Publications,https://scholarlyoa.wordpress.com/wp-admin/www.suryanshpublications.inf
Sustainable Scientific Publisher,http://www.sustsci.org/
SV Publication,http://www.svpublication.com/#
Swan Open,http://www.swanopen.com/
Swedish Scientific Publications,http://swedishscientificpublications.com/
Swift Journals,http://www.swiftjournals.org/
Swiss Journals,http://www.swissjournals.org/
Symbiosis (Symbiosis Online Publishing),http://symbiosisonlinepublishing.com/index.php
Synchro Publisher,http://www.synchropublisher.com/
Synergy Publishers,http://www.synergypublishers.com/
SRD International Journals,http://www.vsrdjournals.com/
T&S Journal PUblications,http://tands-journal-publications.com/
TAF Publishing,http://www.tafpublications.com/platform
Takayama Publishing Group,http://journal.medsys-site.com/
Takshila,http://takshila.org/
Taraksh Journals,http://www.taraksh.org/index.htm
Techmind Research,http://www.techmindresearch.com/index.php?page=index
Technical Journals Online,http://www.technicaljournalsonline.com/index.html
Technopark Publications,http://technoparkpublications.com/
Techno Science Academy,http://technoscienceacademy.com/
Terminal Journals,http://www.terminaljournals.org/
Textroad Journals,http://www.textroad.com/
Thales Academic Publisher,http://www.thalespublisher.com/
Thavan E ACT International Journals,http://www.thavan.org/
Thetic Journals,http://theticjour.in/
Thomson & Ryberg Publications,http://www.trpubonline.com/index.php
TI Journals,http://waprogramming.com/
Time Journals,http://www.timejournals.org/
Timeline Publication Pvt. Ltd.,http://timelinepublication.com/
TLEP Journals (The Leading Edge Journal Publication Company),http://www.tlepub.org/en/
Tomas Publishing,http://tomaspubs.com/
Topclass Global Journals,http://www.topclassglobaljournals.org/
"Trade Science, Inc",http://www.tsijournals.com/
Trans Stellar (Transstellar),http://www.tjprc.org/index.php
Transaction Series on Engineering Sciences and Technologies,http://www.tsest.org/
Transcontinental Publishers,http://icjpublishers.org/index.php
Transnational Research Journals (formerly Universal Research Journals),http://universalresearchjournals.org/
TSPublications [Link dead as of 2013-08-23],https://sites.google.com/a/tspublications.org/tspublications/home
Tulpar Academic Publishing,http://www.challengejournal.com/
U.S. Science Press,http://usspress.com/
Uluslararası Hakemli İletişim ve Edebiyat Araştırmaları Dergisi [alt] UHIVE,http://www.uhedergisi.com/
Ulster Press,http://ulster-press.uk/
Unified Journals,http://unifiedjournals.org/
Unique Journals Communication (UJC),http://www.ujconline.net/
Unique Research Journals,http://www.uniqueresearchjournals.com/index.htm
United Scholars Publications,http://www.unitedscholars.net/home.html
United Scientific Group,http://unitedscientificgroup.com/
Universal Association of Computer and Electronics Engineers (UACEE),http://uacee.org/
Universal Association of Mechanical and Aeronautical Engineers (UAMAE),http://uamae.org/
Universal Publishing & Research Organization (UPRO),http://www.upro.org.in/
Universal Research Group,http://universalrg.org/index.aspx
Universal Research Publications,http://urpjournals.com/contactus.php
Universe Scientific Publishing,http://www.usp-pl.com/
UniversityPublications.net,http://www.universitypublications.net/index.html
Universum Scientific Journals (Научные журналы Universum),http://7universum.com/en/
Universum Scientific Journals (Научные журналы Universum [alt]),http://sibac.info/universum
Uptodate Research Publication,http://www.uptodateresearchpublication.com/
URO Journals,http://www.urojournals.com/
USN Scientific Journal,http://usnsj.com/index.php/index/index
Valley International Journals,http://valleyinternational.net/index.php
VBRI Press,http://www.vbripress.com/
Verizona Publisher (VZP),http://verizonaonlinepublishing.com/
"Vernon Innovative Publishers (Vernon, VIPOA, Vernon Open Access)",http://www.vipoa.org/
VIBGYOR Online Publishers,http://vibgyorpublishers.org/main/index.php
Victorquest Publications [company dissolved],http://victorquestpub.com/
Vidya Publications,http://vidyapublications.com/home.php
Virtual Foundation for Advancement of Science and Technology (VFAST),http://www.vfast.org/
VNMPublication,http://www.vnmpublication.com/Journal.htm
Vow Scientific Quest,http://vowscientificquest.com/
VRJ Publishers,http://www.vrjpublishers.com/index.php/index/index
Watch Plus,http://www.watchpub.org/index.htm
Webcrawler Journals,http://webcrawlerjournals.org/
We-Together to Save Yourself Society,http://www.sospublication.co.in/index.php
Wesley & Eber Publishing,http://weberpub.org/
West East Institute,http://www.westeastinstitute.com/
WFL Publisher,http://world-food.net/
Whites Science,http://whitesscience.com/
Whioce Publishing Pte. Ltd.,http://www.whioce.com/
Wilolud Journals,http://www.wiloludjournal.com/page.php?3
Wireilla Scientific Publications,http://wireilla.com/
WIT Press,http://www.witpress.com/
WOAR Journals (World Organization of Academic Research),https://www.woarjournals.org/
World Academic Journal of Business & Applied Sciences (WAJBAS Publishing [Publisher]),http://wajbas.webs.com/
World Academic Publishing,http://www.academicpub.org/
World Academic Research Journals (WARJ),http://www.worldacademicresearchjournals.org/
World Academic Union,http://www.worldacademicunion.com/default.html
World Academy of Research and Publication,http://www.warponline.org/
World Academy of Research in Science and Engineering (WARSE),http://warse.org/
World Academy of Science and Technology (WAST),http://www.wastinc.us/
"World Academy of Science, Engineering and Technology (WASET)",http://www.waset.org/publications.php
World Business Institute,http://www.wbiworld.org/
World Business Institute [alt],http://www.wassco.org/
World Journal of Publisher (WJP),http://www.wjp.co.in/
World Journals of Academic Advances,http://www.wjoaa.org/
World Open Access Journals,http://www.woaj.org/
World Research Journals,http://worldresearchjournals.com/
World Research Library,http://worldresearchlibrary.org/journal.php
World Research Publications,http://www.wrpjournals.com/
World Scholars,http://wscholars.com/
World Science and Research Publishing (WSRP),http://www.wsrpublishing.com/index.php/wsrp
World Science Publisher,http://www.worldsciencepublisher.org/index.php
World Science Research Journals (WSR Journals),http://www.wsrjournals.org/
World Scientific and Engineering Academy and Society (WSEAS),http://www.wseas.org/
World Standard Organization,http://standard.org/
World Wide Journals (Sara Book Publication),http://www.worldwidejournals.com/
Wudpecker Research Journals,http://www.wudpeckerresearchjournals.org/
Wyno Academic Journals,http://www.wynoacademicjournals.org/index.html
Wyvern Publishing Group,http://www.wyvernpublishinggroup.com/
Xia & He Publishing,http://www.xandhpublishing.com/Default.aspx?sid=1
Xia & He Publishing [alt],http://www.xiahepublishing.com/
Yellow Loop Journal,http://journal.yloop.com/
Zant World Press,http://zantworldpress.com/
Zeal Scienza Realm of Erudition,http://zealscienza.com/zealscienza/
ZealSci Journals,http://www.zealscijournals.com/index.html
Zeetarz Group Publishing,http://www.zeetarz.com/
Zenith International Research and Academic Foundation (ZIRAF),http://www.zenithresearch.org.in/
Zia World Press,http://ziaworldpress.com/
ZolCat Academic House,http://www.zolcat.com/
Zt-Journals,http://www.ztjournals.com/
Zygoscient,http://zygoscient.org/
1088 Email Press,http://1088.email/
2425 Publishers,http://2425publishers.org/
The 5th Publisher,http://www.5thpublisher.com/
"Tweet contributions to:
            
stoppredatoryj

          ",https://twitter.com/stoppredatoryj
"Create a pull request:
            
stop-predatory-journals

          ",https://github.com/stop-predatory-journals/stop-predatory-journals.github.io
